name,GPU Mark,score,price
Quadro K1200 ,-86%,"2,952", 285.29*
GRID K260Q ,-86%,"2,949", NA
P102-100 ,-86%,"2,945", NA
Ryzen 9 5900HX with Radeon Graphics ,-86%,"2,923", NA
Radeon RX Vega Ryzen 7 5825U ,-85%,"2,916", NA
Custom GPU 0405 ,-85%,"2,916", NA
Radeon R7 260 ,-85%,"2,892", 89.99*
GeForce GTX 675MX ,-84%,"2,885", NA
Qualcomm Adreno X1-85 GPU ,-84%,"2,885", NA
Ryzen 7 PRO 4700G with Radeon Graphics ,-84%,"2,880", NA
FirePro M6100 FireGL V ,-84%,"2,875", NA
Radeon Pro V340 MxGPU ,-84%,"2,853", NA
GRID K280Q ,-83%,"2,840", NA
Radeon HD 6970 ,-83%,"2,839", 149.99*
Quadro M1000M ,-83%,"2,835", 85.99*
Radeon Ryzen 7 5800H ,-83%,"2,821", NA
Radeon HD 8950 ,-82%,"2,817", NA
FirePro 3D V9800 ,-82%,"2,812"," 2,499.00*"
GeForce MX350 ,-82%,"2,807", NA
Quadro K5000M ,-82%,"2,806", 508.91*
GeForce GTX 770M ,-82%,"2,800", 138.00*
FirePro W4300 ,-82%,"2,798", 239.99*
Ryzen 7 5800HS with Radeon Graphics ,-82%,"2,795", NA
GRID T4-2B ,-82%,"2,785", NA
Quadro K4100M ,-81%,"2,776", 261.29*
Quadro M620 ,-81%,"2,775", NA
GeForce GTX 560 ,-81%,"2,774", 205.00*
Ryzen 7 5700G with Radeon Graphics ,-81%,"2,774", NA
Radeon R9 M380 ,-81%,"2,773", NA
Ryzen 7 5700GE with Radeon Graphics ,-81%,"2,762", NA
Radeon Ryzen 9 5980HS ,-80%,"2,749", NA
Ryzen 7 5800H with Radeon Graphics ,-80%,"2,737", NA
GRID K2 ,-80%,"2,737"," 1,331.97*"
Radeon Pro WX 4170 ,-80%,"2,732", NA
Radeon Pro WX 4150 ,-80%,"2,728", 610.04*
FirePro V9800 ,-80%,"2,727", 474.00*
Radeon Pro 450 ,-80%,"2,723", NA
Quadro K4000 ,-80%,"2,721", 270.00*
Ryzen 9 4900H with Radeon Graphics ,-79%,"2,714", NA
Quadro 6000 ,-79%,"2,704"," 4,092.38*"
Barco MXRT 5500 ,-79%,"2,702", 299.00*
GRID M10-2Q ,-79%,"2,692", NA
Radeon RX 550 ,-79%,"2,689",187.97
Ryzen 7 Pro 4750G with Radeon Graphics ,-79%,"2,682", NA
Intel Iris Xe ,-78%,"2,666", NA
GeForce GTX 465 ,-78%,"2,654", 195.00*
FirePro R5000 ,-77%,"2,647", 109.99*
GRID P6-4A ,-77%,"2,639", NA
MONSTER GeForce GTX 675M ,-77%,"2,637", NA
Radeon Pro WX 3100 ,-77%,"2,629", NA
Snapdragon X Elite - X1E80100 - Qualcomm Adreno GP ,-77%,"2,618", NA
Radeon HD 8770 ,-76%,"2,607", NA
Radeon Ryzen 9 4900H ,-76%,"2,604", NA
Radeon RX Vega 11 Ryzen 7 3700U ,-76%,"2,602", NA
Snapdragon X Plus - X1P64100 - Qualcomm Adreno GPU ,-76%,"2,602", NA
Radeon HD 6950 ,-76%,"2,601", 139.99*
Radeon Ryzen 7 4700GE ,-76%,"2,596", NA
GeForce GTX 950A ,-76%,"2,593", NA
Radeon Ryzen 7 4700G ,-76%,"2,583", NA
Radeon Ryzen 5 7430U ,-76%,"2,581", NA
GeForce GTX 950M ,-75%,"2,577", 567.00*
Ryzen 5 5600G with Radeon Graphics ,-75%,"2,572", NA
Ryzen 7 PRO 7730U with Radeon Graphics ,-75%,"2,567", NA
Snapdragon X Elite - X1E78100 - Qualcomm Adreno GP ,-75%,"2,566", NA
Radeon Ryzen 5 5500GT ,-75%,"2,564", NA
Radeon Ryzen 5 PRO 5655G ,-75%,"2,562", NA
Ryzen 7 PRO 4750GE with Radeon Graphics ,-75%,"2,550", NA
Radeon Ryzen 5 PRO 6650H ,-75%,"2,549", NA
Ryzen 5 5600GE with Radeon Graphics ,-75%,"2,547", NA
GRID K240Q ,-74%,"2,541", NA
Radeon Ryzen 7 5800HS ,-74%,"2,537", NA
Radeon HD 6850 X2 ,-74%,"2,534", NA
Ryzen 9 5980HS with Radeon Graphics ,-74%,"2,534", NA
Radeon Ryzen 5 PRO 4400G ,-74%,"2,529", NA
FireStream 9370 ,-74%,"2,528", NA
GeForce GTX 650 Ti ,-74%,"2,527", 93.05*
N18E-Q1 ,-74%,"2,525", NA
GeForce GTX 850M ,-74%,"2,521", NA
Moore Threads MTT S80 ,-74%,"2,513", NA
Radeon Ryzen 7 PRO 4750G ,-73%,"2,500", NA
Ryzen 7 4700GE with Radeon Graphics ,-73%,"2,496", NA
Ryzen 7 PRO 5750GE with Radeon Graphics ,-73%,"2,494", NA
Radeon Ryzen 5 5600GE ,-73%,"2,487", NA
Ryzen 5 PRO 5650G with Radeon Graphics ,-73%,"2,481", NA
Radeon RX Vega 11 Ryzen 5 3350GE ,-73%,"2,480", NA
Barco MXRT 5600 ,-72%,"2,466", 704.00*
Radeon Ryzen 5 5600GT ,-72%,"2,458", NA
Ryzen 5 PRO 5650GE with Radeon Graphics ,-72%,"2,455", NA
P106-090 ,-72%,"2,448", NA
A16-2B ,-71%,"2,443", NA
FirePro 3D V8800 ,-71%,"2,438", 424.99*
Radeon Ryzen 7 7730U ,-71%,"2,436", NA
Ryzen 7 7730U with Radeon Graphics ,-71%,"2,433", NA
GeForce GT 1030 ,-71%,"2,432",104.99
Radeon Ryzen 7 5800U ,-70%,"2,405", NA
GeForce MX330 ,-70%,"2,404", NA
Radeon RX Vega 11 PRD ,-70%,"2,402", NA
Radeon Ryzen 5 5600H ,-70%,"2,398", NA
Radeon Pro WX 3200 ,-70%,"2,398", 171.87*
Ryzen 5 Pro 4650G with Radeon Graphics ,-70%,"2,396", NA
GeForce MX250 ,-70%,"2,392", NA
Radeon Ryzen 7 5825U ,-70%,"2,388", NA
GRID M10-1Q ,-70%,"2,385", NA
Radeon Ryzen 7 PRO 4750GE ,-70%,"2,380", NA
Ryzen 7 PRO 5750G with Radeon Graphics ,-69%,"2,375", NA
Eng Sample: 100-000000562-40_Y ,-69%,"2,370", NA
Radeon Pro ,-69%,"2,366",415.99
Radeon RX 550X ,-69%,"2,365", NA
GRID M10-2B ,-69%,"2,363", NA
Radeon Ryzen 5 PRO 4655GE ,-69%,"2,362", NA
Ryzen 5 4600G with Radeon Graphics ,-69%,"2,360", NA
GeForce GTX 485M ,-69%,"2,360", NA
FirePro W6150M ,-69%,"2,358", NA
Ryzen 7 5825U with Radeon Graphics ,-69%,"2,351", NA
Ryzen 7 PRO 5850U with Radeon Graphics ,-69%,"2,345", NA
Ryzen 7 4800U with Radeon Graphics ,-69%,"2,344", NA
Radeon Ryzen 9 7900X 12-Core ,-68%,"2,342", NA
FirePro M6100 ,-68%,"2,338", NA
Radeon Ryzen 5 PRO 5650GE ,-68%,"2,336", NA
Radeon R9 M470 ,-68%,"2,331", NA
Radeon RX Vega Ryzen 3 5300U ,-68%,"2,330", NA
Radeon Ryzen 7 4800U ,-68%,"2,321", NA
Radeon Ryzen 7 PRO 7730U ,-68%,"2,319", NA
Ryzen 3 4300GE with Radeon Graphics ,-68%,"2,319", NA
Radeon RX Vega - Renoir Ryzen 3 5300U ,-68%,"2,312", NA
Ryzen 7 5800U with Radeon Graphics ,-68%,"2,310", NA
Ryzen 5 PRO 4400G with Radeon Graphics ,-67%,"2,306", NA
Ryzen 3 PRO 5350G with Radeon Graphics ,-67%,"2,299", NA
Ryzen 5 5600H with Radeon Graphics ,-67%,"2,297", NA
Radeon Ryzen 5 4400G ,-67%,"2,296", NA
Radeon Ryzen 5 PRO 5650G ,-67%,"2,288", NA
Radeon Ryzen 7 Microsoft Surface Edition ,-67%,"2,283", NA
FirePro V8800 ,-67%,"2,281", 198.00*
Radeon RX Vega Ryzen 5 5500U ,-67%,"2,280", NA
GeForce GTX 460 ,-66%,"2,272", 89.99*
Radeon Ryzen 5 PRO 4655G ,-66%,"2,271", NA
Radeon Ryzen 7 5800HS Creator Edition ,-66%,"2,271", NA
Radeon HD 6970M ,-66%,"2,270", 215.99*
Ryzen 5 7430U with Radeon Graphics ,-66%,"2,270", NA
Quadro K3100M ,-66%,"2,270", 399.95*
Radeon R7 250X ,-66%,"2,269", 194.00*
Radeon Ryzen 7 5700U ,-66%,"2,267", NA
Radeon HD 5970 ,-66%,"2,263", 721.20*
GeForce MX150 ,-66%,"2,258", 59.29*
FirePro V7900 ,-66%,"2,254", 190.00*
Ryzen 7 9700X 8-Core Processor ,-66%,"2,251", NA
Ryzen 5 7530U with Radeon Graphics ,-66%,"2,250", NA
Radeon Ryzen 5 4600GE with Radeon Graphics ,-66%,"2,250", NA
Ryzen 7 5700U with Radeon Graphics ,-66%,"2,241", NA
Ryzen 7 Extreme Edition ,-65%,"2,240", NA
Radeon Ryzen 5 7530U ,-65%,"2,239", NA
Ryzen 5 5500GT with Radeon Graphics ,-65%,"2,224", NA
GRID P100-1B ,-65%,"2,223", NA
RadeonT 660M ,-65%,"2,221", NA
A16-1B ,-65%,"2,220", NA
Quadro K620 ,-65%,"2,220"," 2,029.99*"
Radeon Ryzen Embedded V2748 ,-65%,"2,216", NA
Radeon HD 6870 ,-65%,"2,208",280
Ryzen 5 5600GT with Radeon Graphics ,-64%,"2,201", NA
Radeon HD 5870 ,-64%,"2,199",429.99
Ryzen 7 4700G with Radeon Graphics ,-64%,"2,187", NA
Moore Threads S3000 MTvGPU-1132 ,-64%,"2,187", NA
Radeon Eng Sample: 100-000000146-20_37/30_Y ,-64%,"2,185", NA
Radeon Vega 11 Ryzen 5 PRO 3350G ,-64%,"2,184", NA
Radeon RX Vega 11 Ryzen 5 3400G ,-64%,"2,178", NA
Radeon HD 7770 ,-64%,"2,174", 300.00*
Quadro M600M ,-63%,"2,171", 251.99*
Radeon Eng Sample: 100-000000098-40_39/27_Y ,-63%,"2,170", NA
Radeon Ryzen 3 7335U ,-63%,"2,156", NA
GRID P4-1B ,-63%,"2,151", NA
Ryzen 5 5600U with Radeon Graphics ,-63%,"2,151", NA
Ryzen 3 PRO 7330U with Radeon Graphics ,-63%,"2,144", NA
Radeon RX 640 ,-63%,"2,142", NA
Ryzen 5 4600H with Radeon Graphics ,-63%,"2,139", NA
Radeon Ryzen 7 4850U Mobile ,-62%,"2,138", NA
Radeon Ryzen 7 PRO 5875U ,-62%,"2,135", NA
GeForce GTX 745 ,-62%,"2,135", 284.95*
Ryzen 5 PRO 4650GE with Radeon Graphics ,-62%,"2,132", NA
VirtualMonitor Device ,-62%,"2,131", NA
Radeon 660M Ryzen 3 7335U ,-62%,"2,129", NA
Radeon Ryzen 5 5625U ,-62%,"2,128", NA
Radeon 550 ,-62%,"2,121", 142.20*
Radeon Ryzen 7 PRO 5755GE ,-62%,"2,117", NA
Ryzen 7 4800H with Radeon Graphics ,-62%,"2,113", NA
GeForce 945M ,-62%,"2,109", NA
Radeon RX Vega 11 ,-62%,"2,106"," 1,002.00*"
FirePro M5100 ,-61%,"2,103", NA
Ryzen 3 Pro 4350G with Radeon Graphics ,-61%,"2,099", NA
Ryzen 5 5560U with Radeon Graphics ,-61%,"2,098", NA
Intel G35 Express ,-61%,"2,097", NA
Radeon Ryzen 5 5600U ,-61%,"2,095", NA
Quadro P520 ,-61%,"2,087"," 1,499.00*"
Radeon Pro WX 4130 ,-61%,"2,086", NA
Radeon Ryzen 5 PRO 4500U ,-61%,"2,078", NA
Intel UHD Graphics P630 ,-61%,"2,075", NA
GeForce GTX 580M ,-61%,"2,074", 248.68*
GRID M6-1Q ,-60%,"2,069", NA
GRID M10-8Q ,-60%,"2,068", NA
Ryzen 7 PRO 5875U with Radeon Graphics ,-60%,"2,067", NA
Radeon R9 M385 ,-60%,"2,061", NA
Radeon TM R9 A360 ,-60%,"2,060", NA
Quadro 5000M ,-60%,"2,060", NA
Radeon Ryzen 5 Microsoft Surface Edition ,-60%,"2,058", NA
Radeon Ryzen 5 5500U ,-60%,"2,051", NA
Radeon Ryzen 3 PRO 7335U ,-60%,"2,043", NA
Ryzen 7 4700U with Radeon Graphics ,-59%,"2,034", NA
Radeon Ryzen 7 4700U ,-59%,"2,033", NA
Radeon Ryzen 7 PRO 4750U ,-59%,"2,031", NA
Radeon Ryzen 5 5560U ,-59%,"2,031", NA
Ryzen 7 PRO 4750U with Radeon Graphics ,-59%,"2,030", NA
FirePro V7800 ,-59%,"2,028", 190.00*
Radeon Ryzen 9 7900 12-Core ,-59%,"2,023", NA
Radeon Vega 11 Ryzen 5 PRO 3400G ,-59%,"2,017", NA
Radeon RX 540 ,-59%,"2,016", NA
GeForce GTX 765M ,-59%,"2,014", 186.30*
Radeon Ryzen 7 7700X 8-Core ,-59%,"2,010", NA
Ryzen 5 PRO 4500U with Radeon Graphics ,-59%,"2,008", NA
GeForce GT 645 ,-59%,"2,006", NA
Intel Iris Pro 580 ,-58%,"2,000", NA
Radeon Ryzen Embedded V2718 ,-58%,"1,999", NA
Ryzen 5 5625U with Radeon Graphics ,-58%,"1,997", NA
Radeon Vega 8 Ryzen 3 3200GE ,-58%,"1,995", NA
Radeon R9 M385X ,-58%,"1,994", NA
GeForce GTX 460 SE ,-58%,"1,990", 159.99*
Radeon R9 350 ,-58%,"1,989", 299.00*
Radeon R7 + R7 350 Dual ,-58%,"1,982", NA
Ryzen 3 7335U with Radeon Graphics ,-58%,"1,980", NA
Quadro K4000M ,-58%,"1,978", 254.00*
Ryzen 5 PRO 5650U with Radeon Graphics ,-58%,"1,974", NA
Intel Iris Xe MAX ,-58%,"1,972", NA
Ryzen 5 5500U with Radeon Graphics ,-58%,"1,971", NA
GeForce GTX 670MX ,-58%,"1,970", NA
Radeon HD 5850 ,-57%,"1,966", 288.99*
Intel Iris Xe MAX 100 ,-57%,"1,965", NA
Radeon R7 + HD 7700 Dual ,-57%,"1,962", NA
Qualcomm Adreno 8cx Gen 3 ,-57%,"1,962", NA
Radeon HD 7660D + HD 7700 Dual ,-57%,"1,958", NA
Quadro 5000 ,-57%,"1,958","2,171.66"
Radeon RX Vega 11 Ryzen 5 3350G ,-57%,"1,958", NA
Radeon HD 6850 ,-57%,"1,953",211.6
GeForce GTX 470M ,-57%,"1,953", NA
Radeon Ryzen 3 PRO 5355GE ,-57%,"1,952", NA
Ryzen 3 5300GE with Radeon Graphics ,-57%,"1,951", NA
Radeon RX Vega 11 Ryzen 5 3400GE ,-57%,"1,941", NA
GeForce GTX 675M ,-56%,"1,925", NA
Radeon RX 570X ,-56%,"1,923", 153.01*
Radeon HD 7560D + 7700 Dual ,-56%,"1,919", NA
Radeon RX Vega 10 Ryzen 7 3750H ,-56%,"1,916", NA
Radeon Ryzen 5 PRO 5675U ,-56%,"1,915", NA
Ryzen 3 5300G with Radeon Graphics ,-56%,"1,910", NA
Intel UHD Graphics 770 ,-56%,"1,908", NA
Matrox C680 PCIe x16 ,-56%,"1,904", NA
Ryzen 3 PRO 4350GE with Radeon Graphics ,-56%,"1,903", NA
Radeon R7 450 ,-56%,"1,901", 299.00*
Ryzen 5 4600U with Radeon Graphics ,-56%,"1,901", NA
Radeon HD 7700-serie ,-55%,"1,899", NA
Quadro M520 ,-55%,"1,899", NA
RadeonT Vega 8 ,-55%,"1,894", NA
Radeon HD 8670D + HD 7700 Dual ,-55%,"1,892", NA
Citrix Indirect Display Adapter ,-55%,"1,888", NA
GeForce GTX 645 ,-55%,"1,883", NA
Ryzen 5 PRO 7530U with Radeon Graphics ,-55%,"1,878", NA
GeForce GTX 570M ,-55%,"1,877", NA
Radeon RX 7500 ,-55%,"1,873", NA
Radeon Pro WX 2100 ,-55%,"1,871", NA
Radeon Ryzen 5 7600X3D 6-Core ,-55%,"1,870", NA
Intel HD 5600 ,-55%,"1,869", NA
FirePro 3D V7800 ,-55%,"1,867", 599.99*
GeForce GTX 460 v2 ,-54%,"1,866", 199.99*
Radeon Ryzen Embedded R2544 ,-54%,"1,865", NA
Qualcomm Adreno 8cx Gen 3 GPU ,-54%,"1,864", NA
Ryzen 5 9600X 6-Core Processor ,-54%,"1,859", NA
Radeon Vega 11 ,-54%,"1,857", NA
Radeon RX Vega 11 Ryzen 7 3750H ,-54%,"1,856", NA
GeForce 945A ,-54%,"1,852", NA
GeForce GTX 560 SE ,-54%,"1,851", 89.99*
Intel Iris Pro P580 ,-54%,"1,845", NA
RadeonT RX Vega 11 ,-54%,"1,843", NA
FirePro M5100 FireGL V ,-54%,"1,839", NA
GRID M60-0B ,-54%,"1,838", NA
Radeon HD 8570D + HD 7700 Dual ,-54%,"1,835", NA
GeForce MX230 ,-53%,"1,831", NA
Ryzen 7 9800X3D 8-Core Processor ,-53%,"1,830", NA
Radeon Ryzen 3 PRO 7330U ,-53%,"1,822", NA
FirePro M6000 ,-53%,"1,820", 325.99*
Ryzen 3 PRO 5350GE with Radeon Graphics ,-53%,"1,820", NA
Radeon R9 M360 ,-53%,"1,820", NA
Firepro W5170M ,-53%,"1,814", NA
GeForce MX130 ,-53%,"1,814", NA
Matrox C900 PCIe x16 ,-53%,"1,812", NA
Ryzen 5 4500U with Radeon Graphics ,-53%,"1,812", NA
Radeon Ryzen 7 7800X3D 8-Core ,-53%,"1,810", NA
Intel Iris Plus ,-53%,"1,809", NA
Radeon 610M Ryzen 9 7945HX3D ,-53%,"1,808", NA
Radeon HD 8870M / R9 M270X / M370X ,-53%,"1,800", NA
Radeon RX Vega 11 Processor ,-53%,"1,799", NA
Ryzen 3 PRO 4200G with Radeon Graphics ,-52%,"1,799", NA
Radeon Ryzen 7 7700 8-Core ,-52%,"1,797", NA
Radeon Vega 8 Ryzen 3 3200G ,-52%,"1,794", NA
Lebo Virtual USB Monitor ,-52%,"1,790", NA
Radeon HD 8670D + 7700 Dual ,-52%,"1,789", NA
Radeon Ryzen 9 7900X3D 12-Core ,-52%,"1,787", NA
Radeon R7 M465X ,-52%,"1,787", NA
Radeon Eng Sample: 100-000000144-40_38/38_Y ,-52%,"1,781", NA
Radeon RX Vega 10 Ryzen 5 3500U ,-52%,"1,778", NA
Embedded Radeon E9173 ,-52%,"1,772", NA
Ryzen 9 9950X 16-Core Processor ,-52%,"1,770", NA
PCI\VEN_1002&DEV_164E&SUBSYS_D0001458&REV_C6 Ryzen ,-52%,"1,769", NA
Intel UHD 770#0x1c005d839205d7e9# ,-51%,"1,759", NA
Radeon Ryzen 5 7600 6-Core ,-51%,"1,755", NA
Intel Iris Plus 645 ,-51%,"1,750", NA
GeForce GTX 650 ,-51%,"1,749", 143.80*
Ryzen 3 PRO 4200GE with Radeon Graphics ,-51%,"1,748", NA
GeForce GTX 670M ,-51%,"1,745", NA
Radeon Ryzen 3 PRO 5450U ,-51%,"1,736", NA
Radeon HD 5830 ,-51%,"1,733", 258.99*
Qualcomm Adreno X1-45 GPU ,-51%,"1,733", NA
Radeon Ryzen 5 3550H ,-50%,"1,731", NA
Ryzen 9 9900X 12-Core Processor ,-50%,"1,729", NA
Intel UHD Graphics 750 ,-50%,"1,724", NA
Intel Iris Plus 655 ,-50%,"1,721", NA
Ryzen 5 PRO 5675U with Radeon Graphics ,-50%,"1,720", NA
Radeon R9 M375X ,-50%,"1,715", NA
GeForce GTX 760M ,-50%,"1,714", NA
Radeon Ryzen 7 PRO 7745 8-Core ,-50%,"1,714", NA
GeForce GT 755M ,-50%,"1,713", NA
FirePro M6000 Mobility Pro ,-50%,"1,712", NA
Radeon RX Vega11 Ryzen 7 3750H ,-50%,"1,711", NA
Radeon Ryzen 5 7600X 6-Core ,-50%,"1,704", NA
Radeon HD 6900M ,-50%,"1,701", NA
Radeon Vega 8 Ryzen 5 3550H ,-50%,"1,701", NA
Radeon R9 M275X ,-50%,"1,700", NA
Ryzen 5 PRO 4650U with Radeon Graphics ,-49%,"1,695", NA
Ryzen 3 4300G with Radeon Graphics ,-49%,"1,694", NA
Ryzen 3 7330U with Radeon Graphics ,-49%,"1,693", NA
Radeon HD 7750 ,-49%,"1,693",119.7
Quadro 5010M ,-49%,"1,691", 235.95*
Ryzen 3 5425U with Radeon Graphics ,-49%,"1,691", NA
Radeon E8860 ,-49%,"1,686", NA
FirePro W600 ,-49%,"1,683", 414.99*
PCI\VEN_1002&DEV_164E&SUBSYS_D0001458&REV_C2 Ryzen ,-49%,"1,681", NA
Radeon Ryzen 3 7330U ,-49%,"1,676", NA
Radeon R7 M380 ,-49%,"1,669", NA
Intel UHD Graphics P750 ,-48%,"1,663", NA
Radeon EPYC 4584PX 16-Core ,-48%,"1,662", NA
Virtual Display Device ,-48%,"1,660", NA
Radeon Ryzen 9 7950X3D 16-Core ,-48%,"1,660", NA
PCI\VEN_1002&DEV_164E&SUBSYS_D0001458&REV_C3 Ryzen ,-48%,"1,654", NA
Radeon HD HD7850M ,-48%,"1,652", NA
Quadro P500 ,-48%,"1,652", NA
Quadro P400 ,-48%,"1,651", 201.17*
EIZO Quadro MED-XN31LP ,-48%,"1,648", NA
PCI\VEN_1002&DEV_164E&SUBSYS_D0001458&REV_C7 Ryzen ,-48%,"1,643", NA
Quadro K3000M ,-48%,"1,641", 407.56*
Radeon HD 8870M ,-48%,"1,638", NA
Radeon EPYC 4344P 8-Core ,-48%,"1,635", NA
Radeon RX Vega 10 ,-48%,"1,633", NA
FirePro M4000 Mobility Pro ,-47%,"1,629", NA
Radeon EPYC 4484PX 12-Core ,-47%,"1,620", NA
Radeon Ryzen 5 PRO 7645 6-Core ,-47%,"1,619", NA
Ryzen 7 2700U with Radeon Vega ,-47%,"1,617", NA
Ryzen 3 PRO 5450U with Radeon Graphics ,-47%,"1,617", NA
GeForce GTX 480M ,-47%,"1,617", NA
Radeon 610M Ryzen 9 7945HX ,-47%,"1,617", NA
Radeon EPYC 4124P 4-Core ,-47%,"1,615", NA
Radeon Ryzen 3 5300U ,-47%,"1,614", NA
Radeon EPYC 4464P 12-Core ,-47%,"1,614", NA
Intel Iris Plus 650 ,-47%,"1,608", NA
Radeon RX Vega11 ,-47%,"1,605", NA
Seria Radeon HD 7700 ,-47%,"1,604", NA
Radeon Ryzen 9 PRO 7945 12-Core ,-47%,"1,601", NA
Ryzen 3 5400U with Radeon Graphics ,-47%,"1,600", NA
Radeon RX 5700m 8GB 256 bit Ryzen 5 5600U ,-47%,"1,599", NA
Intel Iris Pro P6300 ,-47%,"1,596", NA
FirePro M4000 ,-47%,"1,596", 72.83*
Quadro K2000D ,-46%,"1,591", 339.99*
Radeon Vega 9 ,-46%,"1,588", NA
Radeon Vega 8 Ryzen 3 PRO 3200GE w/ ,-46%,"1,581", NA
Radeon Vega 8 ,-46%,"1,579", 126.86*
Quadro K2000 ,-46%,"1,578", 294.00*
Radeon R9 M275X / M375 ,-46%,"1,575", NA
Radeon Athlon Gold PRO 4150GE ,-46%,"1,574", NA
Intel UHD Graphics 730 ,-46%,"1,573", NA
GeForce GTX 555 ,-46%,"1,572", NA
Radeon Vega 9 Ryzen 5 3550H ,-46%,"1,572", NA
Radeon Vega 10 Ryzen 7 PRO 3700U w/ ,-46%,"1,568", NA
GeForce GTX 550 Ti ,-45%,"1,557", 99.99*
Radeon HD 7560D + HD 6670 Dual ,-45%,"1,555", NA
Radeon HD 6790 ,-45%,"1,552", 294.00*
Radeon R9 M370X ,-45%,"1,548", 889.00*
Radeon HD 8470D + HD 7500 Dual ,-45%,"1,545", NA
Radeon Vega 10 ,-45%,"1,545", NA
Ryzen 3 PRO 4300U with Radeon Graphics ,-45%,"1,543", NA
Radeon Ryzen 3 PRO 5475U ,-45%,"1,541", NA
Ryzen 3 5300U with Radeon Graphics ,-45%,"1,539", NA
Radeon HD 4890 ,-45%,"1,539", 89.99*
FirePro V8700 ,-45%,"1,539", 157.88*
Radeon Ryzen 3 5425U ,-45%,"1,529", NA
Radeon Vega 10 Mobile ,-45%,"1,529", NA
Radeon Ryzen Embedded V2516 ,-44%,"1,528", NA
Radeon RX Vega 8 ,-44%,"1,527", NA
Radeon 610M Ryzen 9 7940HX ,-44%,"1,525", NA
RTXA5000-6Q ,-44%,"1,522", NA
Intel Iris Pro Graphics 6200 ,-44%,"1,522", NA
GeForce 940MX ,-44%,"1,516", NA
Radeon Ryzen Embedded R2514 ,-44%,"1,515", NA
Radeon 630 ,-44%,"1,514", NA
Ryzen 3 PRO 4450U with Radeon Graphics ,-44%,"1,512", NA
Radeon HD 7870M ,-44%,"1,507", NA
FirePro W4100 ,-44%,"1,504", 184.00*
Ryzen 5 2500U with Radeon Vega ,-44%,"1,503", NA
Radeon RX Vega 10 Ryzen 7 PRO 3700U w/ ,-44%,"1,503", NA
GeForce GTX 285 ,-44%,"1,501", 119.99*
Radeon Vega 6 Ryzen 3 3350U ,-44%,"1,497", NA
GRID M10-1B ,-43%,"1,493", NA
Intel UHD Graphics ,-43%,"1,493", NA
Radeon HD 6670 + 7660D Dual ,-43%,"1,492", NA
Radeon RX Vega 10 Ryzen 7 3700U ,-43%,"1,491", NA
GeForce 845M ,-43%,"1,489", NA
Radeon HD 7660D + HD 6670 Dual ,-43%,"1,485", NA
Radeon R9 M365X ,-43%,"1,482", NA
Radeon Vega 8 Ryzen 5 PRO 3500U w/ ,-43%,"1,480", NA
Quadro 4000 ,-43%,"1,476", 495.00*
Radeon 540X ,-43%,"1,472", NA
GeForce GT 740 ,-43%,"1,469", 236.99*
Radeon Ryzen 5 PRO 5655GE ,-43%,"1,466", NA
Radeon Vega 11 Ryzen 5 PRO 3400GE w/ ,-42%,"1,454", NA
Radeon Vega 9 Ryzen 5 Microsoft Surface Edition ,-42%,"1,453", NA
GeForce GTX 660M ,-42%,"1,445", 78.99*
Ryzen 5 PRO 4400GE with Radeon Graphics ,-42%,"1,442", NA
Intel Iris 550 ,-42%,"1,439", NA
RadeonT 680M Ryzen 7 6800H ,-42%,"1,437", NA
Radeon HD 8470D + HD 6670 Dual ,-42%,"1,436", NA
Radeon Ryzen Embedded V2546 ,-42%,"1,435", NA
Intel Iris 650 ,-42%,"1,433", NA
Ryzen 3 PRO 5475U with Radeon Graphics ,-42%,"1,432", NA
Radeon Ryzen 3 PRO 4355GE ,-42%,"1,432", NA
Radeon R7 FX-9830P RADEON ,-42%,"1,430", NA
Radeon HD 7560D + 7670 Dual ,-42%,"1,426", NA
Radeon Vega 8 Mobile ,-42%,"1,426", NA
Radeon EPYC 4244P 6-Core ,-41%,"1,424", NA
Radeon RX Vega11 Ryzen 7 Microsoft Surface Edition ,-41%,"1,421", NA
Radeon R7 M370 ,-41%,"1,418", NA
GeForce MX110 ,-41%,"1,417", NA
Radeon Vega 8 Ryzen 5 3500C ,-41%,"1,410", NA
FirePro W5130M ,-41%,"1,405", NA
Radeon 540 ,-41%,"1,404", NA
Radeon 550X ,-41%,"1,402", NA
Radeon R9 255 ,-41%,"1,392", 344.16*
Radeon HD 4870 ,-40%,"1,386",169.14
Radeon HD 7560D + HD 7670 Dual ,-40%,"1,380", NA
GeForce GTX 275 ,-40%,"1,378", 431.72*
Radeon EPYC 4564P 16-Core ,-40%,"1,375", NA
Radeon HD 7850M ,-40%,"1,373", NA
Radeon Vega 8 Ryzen 5 3500U ,-40%,"1,368", NA
FirePro M40003 ,-40%,"1,364", NA
Ryzen 3 4300U with Radeon Graphics ,-40%,"1,364", NA
Quadro K2100M ,-40%,"1,363", 415.99*
Radeon HD 8670D + 6670 Dual ,-40%,"1,361", NA
Radeon Vega 6 Ryzen 3 PRO 3300U w/ ,-39%,"1,358", NA
Intel Iris Plus 640 ,-39%,"1,358", NA
Radeon HD 7560D + HD 7700 Dual ,-39%,"1,347", NA
Radeon HD 5770 ,-39%,"1,345", 189.99*
FireStream 9270 ,-39%,"1,341", NA
GeForce GT 750M ,-39%,"1,330", NA
Radeon Vega 8 Ryzen 3 PRO 3200G ,-39%,"1,329", NA
GeForce GTS 450 ,-38%,"1,322", 134.23*
Radeon HD 8670D + HD 7600 Dual ,-38%,"1,318", NA
FirePro M5950 ,-38%,"1,314", NA
Radeon HD 4870 X2 ,-38%,"1,309", NA
Radeon Vega 6 ,-38%,"1,308"," 1,799.99*"
Tesla M2070-Q ,-38%,"1,306", NA
Radeon HD 8790M ,-38%,"1,306", NA
Radeon Ryzen 7 3700U ,-38%,"1,301", NA
TENSOR 1.0 Driver Intel HD 630 ,-38%,"1,300", NA
Radeon Vega 6 Ryzen 3 3300U ,-38%,"1,299", NA
Radeon Vega 8 Ryzen 5 3450U ,-38%,"1,296", NA
"Radeon R7 PRO A6-9500 R5, 8 COMPUTE CORES 2C+6G ",-38%,"1,293", NA
GeForce 930MX ,-37%,"1,287", NA
Quadro 4000M ,-37%,"1,282", 232.06*
MxGPU ,-37%,"1,282", NA
Radeon R7 A370 ,-37%,"1,281", NA
GeForce GTX 280 ,-37%,"1,278", 522.78*
Fresco Logic IDDCX Adapter ,-37%,"1,276", NA
GeForce GTX 560M ,-37%,"1,274", NA
FirePro 3D V8750 ,-37%,"1,272"," 1,230.99*"
GRID V100-16Q ,-37%,"1,272", NA
Ryzen3 5300U Ryzen 3 5300U ,-37%,"1,268", NA
Radeon with 3 5300U Ryzen 3 5300U ,-37%,"1,266", NA
GeForce 930A ,-37%,"1,263", NA
Intel Iris 540 ,-37%,"1,263", NA
Radeon HD 6770 ,-37%,"1,262", 264.99*
Radeon HD 8570D + HD 6670 Dual ,-37%,"1,261", NA
Radeon HD 7560D + HD 7600 Dual ,-37%,"1,258", NA
Quadro 2000 D ,-36%,"1,239", NA
Radeon HD 8570D + 6570 Dual ,-36%,"1,239", NA
Radeon HD 7660D + 6670 Dual ,-36%,"1,238", NA
FirePro V5900 ,-36%,"1,238", 86.00*
GeForce GT 745A ,-36%,"1,238", NA
Radeon HD 7560D + HD 6570 Dual ,-36%,"1,237", NA
Intel UHD Graphics 630 ,-36%,"1,237", NA
Radeon R7 + R5 340 Dual ,-36%,"1,235", NA
Radeon R7 + R7 250 Dual ,-36%,"1,232", NA
FirePro 3D V5800 ,-36%,"1,232", 204.00*
GeForce GTX 760A ,-36%,"1,226", NA
Intel HD P630 ,-36%,"1,224", NA
Radeon HD 8670D + HD 6670 Dual ,-35%,"1,222", NA
GeForce GTX 460M ,-35%,"1,214", NA
Radeon HD 8790M / R9 M290X ,-35%,"1,211", NA
Quadro FX 5800 ,-35%,"1,210", 274.00*
GeForce GT 1010 ,-35%,"1,208", NA
GeForce GTX 260 ,-35%,"1,208", 285.78*
FirePro 3D V8700 ,-35%,"1,206", 170.07*
N16P-GX ,-35%,"1,205", NA
Radeon HD 7660D + 7540D Dual ,-35%,"1,204", NA
Radeon R9 M270X ,-35%,"1,204", NA
GeForce 830A ,-35%,"1,202", NA
GeForce GT 650M ,-35%,"1,201", NA
GeForce GTX 295 ,-35%,"1,201", 159.99*
Radeon HD 7730 ,-35%,"1,195", 232.70*
Radeon HD 7750M ,-35%,"1,191", NA
Radeon R7 +8G ,-35%,"1,191", NA
NVS 810 ,-35%,"1,190", 624.99*
FirePro M4170 ,-34%,"1,188", NA
FirePro V5800 ,-34%,"1,180", 53.00*
Intel Iris Pro 5200 ,-34%,"1,180", NA
Quadro M500M ,-34%,"1,171", NA
GeForce GT 640 ,-34%,"1,169", 109.99*
Radeon HD 5750 ,-34%,"1,168",123.44
Radeon R7 M350 ,-34%,"1,167", NA
GeForce GPU ,-34%,"1,167", NA
Radeon RX Vega 10 Ryzen 7 3700C ,-34%,"1,166", NA
FireStream 9250 ,-34%,"1,165", NA
Quadro K620M ,-34%,"1,163", NA
Radeon R7 PRO A8-8670E ,-34%,"1,163", NA
Intel HD P530 ,-34%,"1,161", NA
Barco MXRT 5400 ,-34%,"1,161", 203.00*
Radeon R7 M465 ,-34%,"1,159", NA
Intel Coffee Lake UHD ,-34%,"1,158", NA
Firepro W4190M ,-33%,"1,150", NA
Radeon R9 M265X ,-33%,"1,146", NA
Radeon R7 A8-7690K ,-33%,"1,141", NA
Radeon HD 8850M / R9 M265X ,-33%,"1,140", NA
Radeon R7 Opteron X3421 ,-33%,"1,136", NA
Radeon HD 4850 X2 ,-33%,"1,132", NA
Radeon HD 7560D + 6670 Dual ,-33%,"1,131", NA
GeForce 940M ,-33%,"1,127", NA
Radeon HD 8650G + 7700M Dual ,-33%,"1,126", NA
GeForce 840A ,-33%,"1,123", NA
Radeon HD 7660D + 7500 Dual ,-33%,"1,121", NA
Radeon Ryzen 5 3450U ,-32%,"1,117", NA
Radeon R9 M275 ,-32%,"1,115", 699.99*
Intel HD 630 ,-32%,"1,114", NA
GeForce 940A ,-32%,"1,107", NA
Radeon 610M ,-32%,"1,104", NA
GeForce GT 545 ,-32%,"1,101", 55.59*
Radeon HD 7660D + 6570 Dual ,-32%,"1,100", NA
Quadro 2100M ,-32%,"1,100", NA
GeForce GT 745M ,-32%,"1,097", NA
GeForce 840M ,-32%,"1,096", NA
Radeon R5 PRO A6-9500 2C+6G ,-32%,"1,096", NA
Radeon R7 A10-7870K ,-32%,"1,096", NA
GeForce GTX 850M - MODDED ,-32%,"1,092", NA
Mobility Radeon HD 5870 ,-32%,"1,092", NA
Radeon R7 430 ,-32%,"1,090", 150.58*
Radeon Vega 3 Athlon Gold 3150G ,-32%,"1,089", NA
Quadro K1100M ,-32%,"1,088", 322.99*
Intel UHD Graphics 710 ,-31%,"1,082", NA
MIRRORV3 ,-31%,"1,081", NA
RadeonT 610M ,-31%,"1,080", NA
Barco MXRT 5450 ,-31%,"1,079", 199.99*
Radeon R7 + R7 200 Dual ,-31%,"1,077", NA
Radeon 625 ,-31%,"1,074", NA
Radeon HD 8450G + 8600/8700M Dual ,-31%,"1,070", NA
GeForce 920MX ,-31%,"1,069", NA
A16-16A ,-31%,"1,069", NA
Radeon R7 A12-9800 RADEON ,-31%,"1,066", NA
Radeon 535 ,-31%,"1,062", NA
Radeon HD 7660D + 7670 Dual ,-31%,"1,062", NA
Radeon HD 7520G + 7700M Dual ,-31%,"1,061", NA
Firepro M4100 ,-31%,"1,059", NA
FirePro W4170M ,-31%,"1,056", NA
Radeon R7 M460 ,-31%,"1,054", NA
OPAL XT/GL ,-31%,"1,053", NA
Qualcomm Adreno 690 GPU ,-30%,"1,052", NA
Radeon R7 250 ,-30%,"1,051", 99.99*
Radeon HD 7670A ,-30%,"1,050", NA
GeForce GTX 850A ,-30%,"1,050", NA
Radeon R7 + R7 240 Dual ,-30%,"1,045", NA
Radeon HD 6750 ,-30%,"1,045", 79.99*
Radeon Vega 3 Athlon 300GE ,-30%,"1,044", NA
Intel UHD Graphics 620 ,-30%,"1,042", NA
Radeon HD 8570D + 6670 Dual ,-30%,"1,040", NA
Radeon Vega 3 Mobile ,-30%,"1,035", NA
Radeon HD 8570D + HD 8570 Dual ,-30%,"1,033", NA
Radeon 530 ,-30%,"1,030", NA
Radeon HD 8600/8700M ,-30%,"1,030", NA
Radeon R7 + R5 330 Dual ,-30%,"1,028", NA
Radeon R9 A375 ,-30%,"1,024", NA
Radeon HD 8750M ,-30%,"1,022", NA
Radeon HD 8670D + R7 240 Dual ,-30%,"1,020", NA
Intel UHD 770 ,-29%,"1,017", NA
Radeon HD 6700M ,-29%,"1,017", NA
Radeon R7 A12-9730P RADEON ,-29%,"1,015", NA
Radeon R5 A6-9500E 2C+4G ,-29%,"1,015", NA
Radeon RX Vega 6 ,-29%,"1,015", NA
GeForce 930M ,-29%,"1,012", NA
Radeon HD 7690M XT ,-29%,"1,009", NA
GeForce 830M ,-29%,"1,009", NA
Glenfly Arise-GT-10C0 ,-29%,"1,007", NA
FirePro V4900 ,-29%,"1,006", 149.99*
Quadro K2000M ,-29%,"1,005", 144.04*
Radeon EPYC 4364P 8-Core ,-29%,"1,003", NA
Radeon HD 7660G + HD 7500/7600 7500/7600 Dual ,-29%,"1,002", NA
Radeon R7 340 ,-29%,"1,000", NA
Radeon HD 8570D + R7 200 Dual ,-29%,999, NA
Radeon HD 7660G + HD 7500M/7600M Dual ,-29%,999, NA
Quadro 3000M ,-29%,998, 69.99*
Radeon Ryzen Embedded R2314 ,-29%,998, NA
Radeon R7 M260X ,-29%,997, NA
Radeon HD 7640G + HD 8750M Dual ,-29%,997, NA
"Radeon R5 PRO A6-8570 R5, 8 COMPUTE CORES 2C+6G ",-29%,997, NA
FirePro M4150 ,-29%,995, NA
Intel HD 530 ,-29%,995, NA
Quadro FX 4800 ,-29%,994," 1,660.81*"
Radeon R7 A265 ,-29%,994, NA
Radeon HD 7560D + 7570 Dual ,-29%,985, NA
Radeon HD 8690M ,-28%,984, NA
Radeon HD 7560D + 7560D Dual ,-28%,983, NA
Radeon R5 A10-9630P 4C+6G ,-28%,977, NA
Quadro 2000D ,-28%,976,566.78
Qualcomm Adreno 685 GPU ,-28%,976, NA
Radeon R7 PRO A12-9800 ,-28%,975, NA
Radeon HD 8670D + 8570 Dual ,-28%,974, NA
Radeon R9 M375 ,-28%,973, NA
Radeon HD 8850M ,-28%,973, NA
Radeon R7 A10-7890K ,-28%,972, NA
Radeon R6 A10-9600P 4C+6G ,-28%,970, NA
Radeon HD 7660G N HD 7660G + HD 7700M N HD 7700M D ,-28%,967, NA
Radeon HD 6770M ,-28%,964, NA
Radeon HD 8570D + R7 240 Dual ,-28%,964, NA
Radeon R7 M270DX ,-28%,962, NA
Radeon Vega 3 Athlon PRO 300GE w/ ,-28%,960, NA
TENSOR 1.0 Driver Intel HD 530 ,-28%,958, NA
Radeon R6 Opteron X3418 ,-28%,955, NA
Radeon R7 PRO A12-9800E ,-28%,954, NA
Radeon Vega 3 Athlon 3000G ,-28%,952, NA
Radeon HD 8670D + R7 200 Dual ,-27%,950, NA
Radeon HD 8570 + HD 7660D Dual ,-27%,949, NA
Quadro CX ,-27%,947, 149.95*
Quadro 2000 ,-27%,947, 213.23*
Radeon HD 6670/7670 ,-27%,946, NA
Radeon HD 7640G + 7690M Dual ,-27%,946, NA
Radeon R7 A10-7850K ,-27%,946, NA
Radeon R7 PRO A10-8850B ,-27%,945, NA
zxcvIntel HD 620 ,-27%,944, NA
Radeon HD 7660D + R7 240 Dual ,-27%,942, NA
Radeon HD 4850 ,-27%,941, 139.99*
Radeon HD 8570 ,-27%,939, 98.68*
Radeon R7 M445 ,-27%,939, 744.00*
Radeon HD 6750M ,-27%,937, NA
GeForce GT 645M ,-27%,936, NA
Radeon HD 7560D + HD 8570 Dual ,-27%,936, NA
Radeon R5 340 ,-27%,935, NA
Radeon R7 PRO A10-9700E ,-27%,935, 529.00*
Radeon 620 ,-27%,934, NA
Radeon HD 7660G + 7730M Dual ,-27%,931, NA
GeForce GT 640M ,-27%,931, NA
Radeon R7 240 + HD 8670D Dual ,-27%,930, NA
Radeon R7 PRO A12-8870 ,-27%,929, NA
"Radeon R5 A6-9500 RADEON R5, 8 COMPUTE CORES 2C+6G ",-27%,929, NA
Intel Iris Pro 6100 ,-27%,925, NA
Intel HD Graphics 620 ,-27%,922, NA
Radeon Vega 3 Athlon Gold PRO 3150GE ,-27%,920, NA
Radeon R7 A10-9700 RADEON ,-27%,918, NA
Radeon R7 240 + HD 8570D Dual ,-27%,918, NA
Radeon R7 PRO A10-8770 ,-27%,918, NA
Radeon R7 A12-9800E RADEON ,-26%,913, 139.19*
Radeon R7 A8-8650 ,-26%,913, NA
GRID K220Q ,-26%,912, NA
Radeon R7 A10-7860K ,-26%,912, NA
GRID M6-0B ,-26%,912, NA
Radeon 6750M ,-26%,911, NA
Radeon HD 7690M ,-26%,909, NA
Radeon RX Vega 6 Ryzen 3 3200U ,-26%,906, NA
GRID P40-6Q ,-26%,905, NA
Radeon HD 4770 ,-26%,905, 124.86*
Radeon R7 240 ,-26%,902, 84.56*
Radeon HD 8550G + 7600M Dual ,-26%,901, NA
Barco MXRT 7400 ,-26%,901, 99.00*
Intel Iris 6100 ,-26%,900, NA
Barco MXRT 2600 ,-26%,900, 199.00*
Radeon R7 + R5 Dual ,-26%,898, NA
Radeon R7 M440 ,-26%,897, NA
Radeon R5 430 ,-26%,896, 59.00*
Radeon R7 PRO A12-8870E ,-26%,893, NA
7900 MOD - Radeon HD 6550D ,-26%,893, NA
Radeon Vega 3 ,-26%,889," 2,677.99*"
Radeon R7 + R5 435 Dual A10-9700 RADEON ,-26%,886, NA
A6 Micro-6500T Quad-Core APU with RadeonR4 , NA ,220, NA
Mobility FireGL V5725 , NA ,219, NA
GeForce GT 330M , NA ,217, NA
Radeon HD 6320 Graphic , NA ,216, NA
GeForce GT 230M , NA ,215, NA
GeForce 9500 GS , NA ,215, NA
Mobility Radeon. HD 5470 , NA ,215, NA
Mobility Radeon HD 5450 , NA ,214, NA
GeForce GT 240M , NA ,21300%, NA
Intel HD 2000 , NA ,213, NA
Radeon HD 8250 , NA ,212, NA
GeForce Go 7600 GT , NA ,210, NA
GeForce 320M , NA ,209, NA
GeForce Go 7800 GTX , NA ,209, NA
Radeon R2E , NA ,208, NA
GeForce 9700M GT , NA ,208, NA
Quadro NVS 320M , NA ,208, NA
Radeon HD 4650 AGP , NA ,207, NA
Barco MXRT 1450 , NA ,205, NA
Intel 2nd Generation SandyBridge HD 3000 , NA ,205, NA
Intel Q45/Q43 Express Chipset , NA ,200, NA
NVS 5100M , NA ,19900%, NA
Mobility Radeon HD 545v , NA ,199, NA
Radeon HD 6320M , NA ,198, NA
Radeon HD 7340G , NA ,196, NA
Intel Infoshock HD , NA ,193, NA
Radeon HD 8210E , NA ,193, NA
Radeon HD 6430M , NA ,192, NA
Mobility Radeon HD 2600 XT , NA ,191, NA
Radeon HD 8210 , NA ,191, NA
GeForce 6800 GS , NA ,191, NA
Mobility Radeon HD 4550 , NA ,191, NA
Mobility Radeon HD 540v , NA ,188, NA
Mobility Radeon HD 5430 , NA ,181, NA
Radeon HD 7310G , NA ,180, NA
Barco MXRT 7100 , NA ,18000%, NA
Quadro FX 3450/4000 SDI , NA ,179, NA
Radeon HD 6230 , NA ,179, NA
GeForce Go 7900 GS , NA ,177, NA
GeForce 7800 GS , NA ,177, NA
Mobility Radeon HD 530v , NA ,174, NA
Radeon HD 7310 - Carte graphique , NA ,174, NA
Quadro FX 1700M , NA ,172, NA
Quadro FX 1500M , NA ,171, NA
Radeon HDG 4670 , NA ,170, NA
GeForce GT 325M , NA ,169, NA
GeForce 9200 , NA ,16900%, NA
Intel 2nd Generation SandyBridge HD , NA ,169, NA
Radeon HD 3670 , NA ,168, NA
Mobility Radeon HD 2600 , NA ,167, NA
GeForce G102M , NA ,167, NA
Radeon HD 7310M , NA ,166, NA
Intel HD manual-gen9_2015-133271 , NA ,165, NA
ZX C-1190 , NA ,165, NA
Radeon HD 7350 , NA ,165, NA
Intel 3rd Generation IvyBridge HD GT1 , NA ,161, NA
GeForce 8200 , NA ,155, NA
Radeon HD 4300/4500 Serisi , NA ,155, NA
Radeon X1950 CrossFire Edition , NA ,151, NA
GeForce GT 120M , NA ,150, NA
GeForce 305M , NA ,150, NA
GeForce 8500 GT , NA ,149, NA
Mobility Radeon HD 4350 , NA ,148, NA
GeForce Go 7700 , NA ,147, NA
ZX Chrome 645/640 GPU , NA ,147, NA
S3 5400EW , NA ,146, NA
Radeon X1900 GT , NA ,145, NA
GeForce GT 130M , NA ,145, NA
Quadro FX 380 LP , NA ,144, NA
Radeon HD 6300M , NA ,144, NA
GeForce 9200M GE , NA ,143, NA
GeForce 6800 GT , NA ,142, NA
Quadro NVS 160M , NA ,14100%, NA
EG PARK , NA ,141, NA
Radeon HD 4290 , NA ,140, NA
Radeon X1800 GTO , NA ,140, NA
Radeon HD 6290M , NA ,140, NA
nForce 760i SLI , NA ,140, NA
NVS 2100M , NA ,139, NA
Intel G41 Express Chipset , NA ,13900%, NA
Intel Haswell HD - GT2 , NA ,139, NA
GeForce 6800 Ultra , NA ,138, NA
Intel B43 Express Chipset , NA ,138, NA
Intel Q965/Q963 Express , NA ,138, NA
Intel G45/G43 Express Chipset , NA ,137, NA
GeForce Go 6800 Ultra , NA ,137, NA
Radeon X1900 CrossFire Edition , NA ,137, NA
GeForce G200 , NA ,136, NA
Mobility Radeon HD 4330 , NA ,135, NA
Mobility Radeon X1900 , NA ,134, NA
Radeon HD 8180 , NA ,134, NA
Radeon HD 4330 , NA ,134, NA
GeForce 9800 GT 1024MB , NA ,134, NA
GeForce 9500M GS , NA ,134, NA
GeForce 7650 GS , NA ,134, NA
GeForce G105M , NA ,133, NA
VIA/S3G C-645/640 GPU , NA ,132, NA
GeForce 9600M GS , NA ,130, NA
MOBILITY RADEON X1800 , NA ,130, NA
RADEON X800 SE , NA ,129, NA
GeForce 9200M GS , NA ,129, NA
GeForce 9300 / nForce 730i , NA ,128, NA
FireGL V7300 ,0.1,128," 1,189.99*"
Radeon HD 7310 , NA ,12800%, NA
GeForce G210M , NA ,128, NA
GeForce Go 7600 , NA ,127, NA
Qualcomm Adreno 618 GPU , NA ,127, NA
All-in-Wonder X1900 , NA ,127, NA
Radeon HD 3300 , NA ,126, NA
Qualcomm Adreno 540 GPU , NA ,126, NA
GeForce 205 , NA ,126, NA
GeForce 9400 , NA ,125, NA
Seria Mobility Radeon HD 3400 , NA ,124, NA
GeForce 8700M GT , NA ,124, NA
GeForce 310M , NA ,124, NA
Radeon HD 7290M , NA ,123, NA
GeForce 6800 XT , NA ,123, NA
Intel Haswell HD - GT1 , NA ,123, NA
Radeon HD 4250 , NA ,122, NA
Radeon HD 6310 , NA ,122, NA
GeForce GT 220M , NA ,121, NA
GeForce 9500M G , NA ,12100%, NA
Quadro FX 380M , NA ,120, NA
Extreme AX850 PRO , NA ,120, NA
Radeon HD 2400 XT , NA ,118, NA
RV530 PRO , NA ,118, NA
NVS 3100M , NA ,118, NA
Mobile Intel 45 Express-Chipsatzfamilie , NA ,11700%, NA
PHDGD Quantic C3 , NA ,116, NA
Radeon X1700 Targa Edition , NA ,116, NA
FireGL V7200 , NA ,116, NA
Radeon X1600 XT , NA ,115, NA
GeForce 8300 GS , NA ,115, NA
RADEON X800 GTO , NA ,114, NA
GeForce 315M , NA ,114, NA
GeForce Go 7800 , NA ,114, NA
VIA/S3 Chrome 520 IGP , NA ,114, NA
Radeon HD 2400 Pro , NA ,114, NA
Radeon X1950 Pro , NA ,112, NA
FirePro 2260 , NA ,112, NA
Sapphire RADEON X800 GT , NA ,112, NA
Intel HD Modded , NA ,112, NA
Radeon HD 7290 , NA ,111, NA
Radeon HD 4200 , NA ,111, NA
Mobility Radeon HD 3400 Serisi , NA ,111, NA
Radeon HD 2600 Pro AGP , NA ,110, NA
Radeon HD 4270 , NA ,109, NA
GeForce 6800 LE , NA ,109, NA
VIA/S3G Chrome 645/640 GPU , NA ,10900%, NA
Quadro FX 370 LP , NA ,108, NA
Radeon Infoshock 3000 , NA ,106, NA
GeForce GT 320M , NA ,106, NA
Intel Media Accelerator HD , NA ,106, NA
Radeon X1950 GT , NA ,106, NA
GeForce Go 6800 , NA ,106, NA
GeForce9400M , NA ,105, NA
GeForce 8400M G , NA ,105, NA
GeForce 9450 , NA ,104, NA
Mobility Radeon X1700 , NA ,104, NA
Radeon HD 6290 , NA ,104, NA
Quadro FX 3400/4400 , NA ,104, NA
M880G with Mobility Radeon HD 4250 , NA ,104, NA
Quadro FX 570M , NA ,104, NA
FireGL V3400 , NA ,103, NA
Quadro FX 370 Low Profile , NA ,102, NA
GeForce 6800 GS/XT , NA ,102, NA
Mobility Radeon HD 2400 XT , NA ,102, NA
Quadro FX Go1400 , NA ,101, NA
GeForce 9400M , NA ,101, NA
Quadro FX 4000 , NA ,101, NA
Matrox G200e WDDM 2.0 , NA ,100, NA
Radeon X1600 Pro , NA ,9800%, NA
Mobility Radeon HD 4250 , NA ,98, NA
Mobility Radeon HD 3430 , NA ,98, NA
ION LE , NA ,97, NA
RADEON X800 XT , NA ,97, NA
Quadro NVS 130M , NA ,97, NA
Mobility Radeon HD serie 4200 , NA ,96, NA
Radeon HD 3000 , NA ,95, NA
GeForce 6700 XL , NA ,95, NA
MEDION RADEON X740XL , NA ,94, NA
Radeon HD 6250 , NA ,93, NA
Mobility Radeon HD 3470 Hybrid X2 , NA ,93, NA
Mobility Radeon HD 3470 , NA ,9300%, NA
Quadro FX 370M , NA ,93, NA
Mobility Radeon HD 4270 , NA ,92, NA
M880G with Mobility Radeon HD 4200 , NA ,92, NA
Mobility Radeon X1600 , NA ,92, NA
nForce 780a SLI , NA ,92, NA
GeForce 8600 GS , NA ,91, NA
RADEON X600XT , NA ,91, NA
GeForce G205M , NA ,91, NA
Mobility Radeon HD 3450 , NA ,91, NA
Mobility Radeon HD 4200 , NA ,90, NA
Mobility Radeon HD 2400 , NA ,89, NA
Matrox G200eW3 WDDM 2.0 , NA ,89, NA
GeForce 6610 XL , NA ,88, NA
GeForce 8600M GS , NA ,88, NA
Quadro FX 360M , NA ,86, NA
Quadro FX 350 , NA ,85, NA
GeForce 7500 LE , NA ,84, NA
FireGL V3200 , NA ,84, NA
GeForce 9300M G , NA ,84, NA
ALL-IN-WONDER X800 GT , NA ,84, NA
Radeon X1300 PRO , NA ,84, NA
Horizon Indirect Display Driver , NA ,84, NA
RADEON X800 GT , NA ,84, NA
GeForce 999 GTX , NA ,83, NA
nForce 750a SLI , NA ,83, NA
ZX C-960 , NA ,82, NA
Radeon HD 3200 , NA ,8200%, NA
GeForce 9100 , NA ,81, NA
RADEON X850 XT Platinum Edition , NA ,81, NA
Mobility Radeon X2500 , NA ,81, NA
MOBILITY FireGL V5000 , NA ,81, NA
GeForce 9300 SE , NA ,81, NA
nForce 980a/780a SLI , NA ,81, NA
GeForce 8400 ,0.1,81, 589.99*
RADEON X800 XT Platinum Edition , NA ,81, NA
Mobility Radeon 4100 , NA ,81, NA
RADEON X850 XT , NA ,81, NA
RADEON X800GT , NA ,79, NA
GeForce 8100 / nForce 720a , NA ,79, NA
GeForce 7300 GS , NA ,78, NA
Quadro NVS 140M , NA ,78, NA
Radeon HD 2350 , NA ,76, NA
RADEON X700 PRO , NA ,75, NA
M860G with Mobility Radeon 4100 , NA ,75, NA
Radeon X1650 GTO , NA ,74, NA
GeForce 7350 LE , NA ,74, NA
FireMV 2450 , NA ,73, NA
RADEON X800 PRO/GTO , NA ,73, NA
Mobility Radeon HD 4300 Serisi , NA ,73, NA
RADEON X850 PRO , NA ,72, NA
RADEON X700 , NA ,7200%, NA
MEDION RADEON 9800 XXL , NA ,71, NA
M880G with Mobility Radeon HD 4225 , NA ,71, NA
RADEON X700 SE , NA ,71, NA
Radeon X1650 SE , NA ,71, NA
Radeon X550XTX , NA ,70, NA
FireGL V3300 , NA ,70, NA
Quadro NVS 150M , NA ,70, NA
Diamond X1300-PCIE 256MB , NA ,70, NA
BASICDISPLAY , NA ,69, NA
GeForce Go 6600 , NA ,69, NA
RADEON X800 XL , NA ,69, NA
Radeon X1600 Pro / X1300XT , NA ,69, NA
FireGL V3350 , NA ,68, NA
GeForce 8400 SE , NA ,68, NA
GeForce 9100M G , NA ,68, NA
Intel G45/G43/G41 Express Chipset , NA ,67, NA
Matrox G200eR WDDM 2.0 , NA ,67, NA
GeForce 9400M G , NA ,67, NA
Quadro NVS 450 ,0.1,66,514.56
MOBILITY RADEON X700 , NA ,66, NA
GeForce 8400M GT , NA ,66, NA
Mobility Radeon HD 4225 , NA ,66, NA
GeForce Go 7400 , NA ,65, NA
GeForce 8200M G , NA ,65, NA
Intel Q35 Express , NA ,65, NA
RADEON X800 PRO , NA ,64, NA
ZX C960 GPU , NA ,64, NA
GeForce G 105M , NA ,62, NA
Mobility Radeon HD 3410 , NA ,62, NA
Intel HD manual-15.28-1861 , NA ,62, NA
GeForce G 103M , NA ,62, NA
MOBILITY FireGL V3200 , NA ,6200%, NA
SAPPHIRE Radeon X1550 , NA ,61, NA
MOBILITY RADEON X700 XL , NA ,59, NA
RADEON 9800 PRO , NA ,59, NA
Matrox G200e WDDM 1.2 , NA ,59, NA
GeForce FX 5950 Ultra , NA ,59, NA
FireGL X1 , NA ,59, NA
GeForce 6800 XE , NA ,58, NA
Intel - Express Chipset Q45/Q43 , NA ,57, NA
Intel G41 Express-Chipsatz , NA ,57, NA
Intel Q45/Q43 Express-Chipsatz , NA ,57, NA
RADEON 9800 XT , NA ,56, NA
Intel - Express Chipset G41 , NA ,56, NA
RADEON X600 256MB HyperMemory , NA ,56, NA
RADEON X550XT , NA ,56, NA
RADEON 9700 PRO , NA ,53, NA
FireGL V3100 , NA ,52, NA
Radeon Xpress 1300 , NA ,52, NA
GeForce 6200 TurboCache , NA ,52, NA
GeForce Go 7300 , NA ,52, NA
Matrox G200eh WDDM 1.2 , NA ,51, NA
RADEON E2400 , NA ,51, NA
GeForce FX Go5700 , NA ,51, NA
GeForce 6600 LE , NA ,5100%, NA
GeForce 7100 GS , NA ,51, NA
RADEON X550 , NA ,50, NA
Mobility Radeon HD 2300 , NA ,50, NA
Quadro NVS 135M , NA ,50, NA
MOBILITY RADEON X600 , NA ,50, NA
Matrox G200eW WDDM 1.2 , NA ,50, NA
Radeon X1600 , NA ,49, NA
MOBILITY RADEON X600 SE , NA ,49, NA
Radeon X1050 , NA ,49, NA
GeForce 7300 SE/7200 GS , NA ,48, NA
Mobility Radeon X2300 HD , NA ,48, NA
Mobility Radeon X2300 , NA ,48, NA
Radeon X1550 64-bit , NA ,47, NA
Quadro NVS 110M , NA ,47, NA
SAPPHIRE RADEON 9600 ATLANTIS , NA ,47, NA
Quadro NVS 120M , NA ,46, NA
Mobile Intel 965 Express , NA ,46, NA
Matrox G200eh WDDM 2.0 , NA ,46, NA
MOBILITY RADEON 9800 , NA ,46, NA
Matrox M9188 ATX PCIe x16 , NA ,45, NA
Matrox G200eR WDDM 1.2 , NA ,45, NA
GeForce Go 7200 , NA ,45, NA
MOBILITY FireGL V5200 , NA ,44, NA
GeForce Go 6600 TE/6200 TE , NA ,44, NA
Quadro FX 350M , NA ,44, NA
Mobile Intel serie 4 Express , NA ,44, NA
Mobile Intel 4 Express-Chipsatzfamilie , NA ,44, NA
Radeon 9700 TX w/TV-Out , NA ,44, NA
Mobility Radeon X1400 , NA ,42, NA
RADEON 9600 PRO , NA ,42, NA
Radeon Xpress 1250 , NA ,42, NA
Matrox M9138 LP PCIe x16 , NA ,42, NA
GeForce 7100 / nForce 630i , NA ,41, NA
RADEON 9500 PRO / 9700 , NA ,41, NA
Mobile Intel 45 Express , NA ,41, NA
GeForce 7050 / nForce 620i , NA ,4100%, NA
GeForce FX 5900 Ultra , NA ,41, NA
GeForce FX 5700 , NA ,40, NA
MOBILITY FIREGL T2 , NA ,40, NA
Matrox G200eh , NA ,40, NA
Intel G33/G31 Express , NA ,40, NA
Radeon Xpress 1300M , NA ,40, NA
Matrox M9148 LP PCIe x16 , NA ,40, NA
GeForce FX 5900XT , NA ,40, NA
Mobility Radeon X1350 , NA ,39, NA
Matrox G200eW , NA ,39, NA
Mobility Radeon X1300 , NA ,39, NA
S3 Chrome 430 ULP , NA ,39, NA
MOBILITY RADEON 9600/9700 , NA ,39, NA
GeForce 7300 SE , NA ,39, NA
Mobile Intel - famiglia Express Chipset 45 , NA ,38, NA
GeForce 6500 , NA ,38, NA
RADEON X300SE , NA ,38, NA
GeForce 7050 / nForce 630i , NA ,37, NA
256MB DDR Radeon 9800 XT , NA ,37, NA
Radeon X1250 , NA ,37, NA
GeForce 6200SE TurboCache , NA ,37, NA
Matrox G200eR , NA ,36, NA
CONNECT 3D RADEON X300 , NA ,36, NA
MOBILITY RADEON 9600 , NA ,36, NA
Radeon Xpress 1200 , NA ,35, NA
RADEON 9600 XT , NA ,35, NA
GeForce PCX 5750 , NA ,34, NA
RADEON 9550 ,0.1,34, 291.74*
GeForce FX 5900 , NA ,34, NA
Quadro FX 1300 , NA ,34, NA
Quadro FX 1000 , NA ,34, NA
GeForce FX 5700 Ultra , NA ,34, NA
GeForce PCX 5900 , NA ,34, NA
Radeon Xpress 1100 , NA ,34, NA
MOBILITY RADEON X300 , NA ,3300%, NA
MOBILITY FIREGL T2/T2e , NA ,33, NA
S3 Chrome S27 DDR3 , NA ,33, NA
GeForce 6150 LE , NA ,33, NA
Mobility Radeon X1450 , NA ,33, NA
GeForce FX 5700VE , NA ,33, NA
GeForce 7025 / nForce 630a , NA ,33, NA
GeForce 7150 / nForce 630i , NA ,33, NA
Intel Media Accelerator , NA ,32, NA
GeForce FX 5900ZT , NA ,32, NA
Radeon X1200 , NA ,32, NA
GeForce 6200 A-LE , NA ,32, NA
Matrox M9128 LP PCIe x16 , NA ,31, NA
Red Hat QXL controller , NA ,31, NA
GeForce 7050 PV / nForce 630a , NA ,31, NA
Radeon X1270 , NA ,31, NA
FireGL T2-128 , NA ,30, NA
GeForce 6150SE nForce 430 , NA ,30, NA
MOBILITY RADEON 9550 , NA ,30, NA
All-in-Wonder X1800XL , NA ,30, NA
Radeon Xpress 1150 , NA ,29, NA
RADEON XPRESS 200 , NA ,29, NA
Radeon 9550 / X1050 , NA ,29, NA
MOBILITY RADEON 9700 , NA ,27, NA
MOBILITY FireGL V5250 , NA ,27, NA
RADEON 9600SE , NA ,27, NA
GeForce 6100 , NA ,27, NA
MOBILITY RADEON XPRESS 200 , NA ,27, NA
GeForce 6100 nForce 405 , NA ,2600%, NA
RADEON 9600 PRO Family , NA ,26, NA
Radeon Xpress 1270 , NA ,26, NA
GeForce 7100 / nForce 620i , NA ,26, NA
PHDGD Sapphire GR for Mobile Intel 965 , NA ,25, NA
Matrox M9120 Plus LP PCIe x16 , NA ,25, NA
GeForce 7050 / nForce 610i , NA ,25, NA
Matrox M9125 PCIe x16 , NA ,25, NA
GeForce 6100 nForce 420 , NA ,25, NA
GeForce 6100 nForce 400 , NA ,25, NA
RADEON 9600 Family , NA ,25, NA
MOBILITY RADEON 9600 PRO TURBO , NA ,24, NA
GeForce 6150SE , NA ,24, NA
GeForce FX 5700LE , NA ,24, NA
GeForce Go 6400 , NA ,24, NA
Mobile Intel 965 Express-Chipsatzfamilie , NA ,24, NA
Quadro NVS 210S , NA ,23, NA
RADEON 9800 SE , NA ,23, NA
Matrox M9140 LP PCIe x16 , NA ,23, NA
ALL-IN-WONDER 9800 , NA ,23, NA
GeForce 7200 GS , NA ,23, NA
GeForce 6100 nForce 430 , NA ,23, NA
S3 Chrome S25 , NA ,22, NA
RADEON A9800XT , NA ,22, NA
RADEON XPRESS 200M , NA ,22, NA
GeForce 6150 ,0.1,21, 329.00*
Quadro NVS 210S / GeForce 6150LE , NA ,20, NA
PHDGD Solo 2 x64 , NA ,20, NA
Matrox M9120 PCIe x16 , NA ,19, NA
GeForce Go 6150 , NA ,19, NA
QXL KMDOD , NA ,18, NA
S3 Chrome S25 DDR2 , NA ,18, NA
RADEON 9600 TX Family , NA ,18, NA
GeForce 7150M / nForce 630M , NA ,18, NA
RADEON XPRESS 200 CROSSFIRE , NA ,18, NA
Quadro FX 2000 , NA ,18, NA
GeForce Go 6100 , NA ,17, NA
GeForce FX Go 5600 , NA ,17, NA
Mobile Intel965 Express , NA ,17, NA
GeForce FX 5600 Ultra , NA ,17, NA
GeForce FX Go5650 , NA ,16, NA
GRID V100-8Q , NA ,16, NA
NV44 , NA ,15, NA
GeForce Go 6200 , NA ,15, NA
Quadro FX 500/600 PCI , NA ,14, NA
Radeon HD 2400 PCI , NA ,14, NA
GeForce 7000M , NA ,13, NA
Quadro FX 2500M ,-86%,12.4, 217/17.50*
GeForce 7000M / nForce 610M , NA ,12, NA
GeForce FX 5600 , NA ,12, NA
GeForce FX Go5300 , NA ,12, NA
GeForce FX 5200 Ultra , NA ,12, NA
GeForce FX 5200SE , NA ,11, NA
FireMV 2400 PCIe , NA ,11, NA
RGH Drivers v3 , NA ,11, NA
PHDGD Solo 1.2.0 x86 , NA ,11, NA
Master X3100 Driver , NA ,10, NA
MOBILITY IGP 9000/9100 , NA ,10, NA
Intel 82945G Express , NA ,10, NA
Matrox Parhelia 256MB , NA ,9, NA
VIA Chrome9 HD IGP , NA ,9, NA
ASUS A7000 , NA ,9, NA
GeForce FX 5600XT , NA ,9, NA
RADEON HD7450 ,-62%,8.9, 199/22.25*
GeForce G100 ,-61%,8.8, 176/19.99*
GeCube RADEON 7000 , NA ,8, NA
GeForce FX Go 5200 , NA ,8, NA
Intel Q35 Embedded , NA ,8, NA
GeForce FX 5500 ,0.1,8, 153.97*
Mobile Intel 965 Express - BR-0907-0461 v1839 , NA ,8, NA
Quadro NVS 280 PCI ,0.1,8, 130.00*
Intel 82945G Express-Chipsatzfamilie , NA ,8, NA
MOBILITY RADEON 9000 IGP , NA ,7, NA
GeForce FX 5100 , NA ,7, NA
ASUS V9520-X V62.11 , NA ,7, NA
Quadro FX 500/FX 600 , NA ,7, NA
GeForce FX 5200 ,0.1,7, 129.00*
Intel US15 Embedded Media and Controller , NA ,7, NA
Intel Q33 Express , NA ,7, NA
GeForce4 Ti 4400 , NA ,7, NA
GeForce 315 ,-42%,6, 198/32.99*
Intel Media Accelerator 600 , NA ,6, NA
GeForce4 Ti 4800 SE , NA ,6, NA
Matrox Millennium P690 Plus LP PCIe x16 , NA ,6, NA
Quadro4 380 XGL , NA ,6, NA
RADEON 8500 Family , NA ,6, NA
GeForce4 MX Integrated GPU , NA ,6, NA
V9560XT , NA ,6, NA
GeForce2 Ultra , NA ,6, NA
MOBILITY RADEON 7000 IGP , NA ,6, NA
GeForce PCX 5300 , NA ,6, NA
RADEON 9100 Family , NA ,6, NA
Quadro NVS 55/280 PCI , NA ,6, NA
RADEON IGP 350M , NA ,6, NA
GeForce GT 220 ,-38%,5.5, 219/39.99*
GeForce GT 120 ,-38%,5.5, 165/29.99*
GeForce4 440 Go 64M , NA ,5, NA
VIA/S3G UniChromeII , NA ,5, NA
GeForce4 Ti 4800 , NA ,5, NA
Mobile Intel 945GM Express , NA ,5, NA
Quadro 280 NVS PCIe , NA ,5, NA
NVIDIA GeForce3 Ti200 , NA ,5, NA
Intel 82915G Express , NA ,5, NA
MOBILITY RADEON 9000/9100 IGP , NA ,5, NA
Matrox Parhelia APVe , NA ,5, NA
ALL-IN-WONDER RADEON 8500DV , NA ,5, NA
GeForce4 Ti 4200 , NA ,5, NA
GeForce4 448 Go , NA ,5, NA
GeForce4 Ti 4600 ,0.1,5, 53.99*
RADEON 9100 IGP , NA ,5, NA
GeForce4 420 Go 32M , NA ,5, NA
Matrox Millennium P650 PCIe 128 , NA ,5, NA
Mobile Intel 945GM/GU Express , NA ,5, NA
SAPPHIRE RADEON 9000 ATLANTIS PRO , NA ,5, NA
Xabre , NA ,5, NA
GeForce 256 ,0.1,5, 42.04*
Quadro4 980 XGL ,0,5, 341.43*
GeForce 405 ,-33%,4.8, 118/24.64*
GeForce 8300 ,-31%,4.5, 101/22.68*
GeForce 9300 GE ,-28%,4.1, 95/22.99*
GeForce4 440 , NA ,4, NA
Quadro4 900 XGL , NA ,4, NA
ALL-IN-WONDER 9000 , NA ,4, NA
GeForce3 , NA ,4, NA
GeForce4 MX 440 with AGP8X , NA ,4, NA
WinFast A250 LE , NA ,4, NA
GeForce2 MX with DVI-D and TV-out , NA ,4, NA
GeForce4 MX 420 , NA ,4, NA
MOBILITY FIREGL 7800 , NA ,4, NA
RADEON 7500 Family , NA ,4, NA
VIA/S3G UniChrome Pro IGP , NA ,4, NA
Intel 82865G Controller , NA ,4, NA
Intel 915G/915GV/910GL Embedded Controller Functio , NA ,4, NA
RADEON 9000 , NA ,4, NA
GeForce2 Ti , NA ,4, NA
XGI Volari Family v1.13.23.D_V , NA ,4, NA
GeForce4 MX 440SE , NA ,4, NA
GeForce4 MX 440 , NA ,4, NA
Quadro2 MXR/EX , NA ,4, NA
Intel 945G Embedded Chipset Function 0 , NA ,4, NA
GeForce4 MX 4000 , NA ,4, NA
ASUS AGP-V3800PRO v31.40H , NA ,4, NA
GeForce2 Integrated GPU , NA ,4, NA
Dell 8200 , NA ,4, NA
VIA Chrome9 HC IGP , NA ,4, NA
VIA/S3G UniChrome IGP , NA ,4, NA
GeForce4 MX 460 , NA ,4, NA
GeForce2 Go , NA ,4, NA
MOBILITY/RADEON 9000 , NA ,4, NA
GeForce3 Ti 200 , NA ,4, NA
VIA/S3G KM400/KN400 , NA ,4, NA
"Intel 915G,910G Express ", NA ,4, NA
GeForce 7950 GX2 ,-25%,3.7, 201/54.99*
Radeon HD 4350 ,-21%,3.1, 159/50.99*
GeForce2 GTS/GeForce2 Pro , NA ,3, NA
GeForce4 4200 Go , NA ,3, NA
GeForce2 MX/MX 400 , NA ,3, NA
ABIT Siluro T400 , NA ,3, NA
VIA Chrome9 HC IGP Family , NA ,3, NA
RADEON 7000 / RADEON VE Family , NA ,3, NA
RIVA TNT2 Model 64/Model 64 Pro , NA ,3, NA
RADEON IGP 320 , NA ,3, NA
GeForce4 440 Go , NA ,3, NA
Intel 82915G/915GV/910GL , NA ,3, NA
Intel 865 Embedded Controller , NA ,3, NA
GeForce 6200A ,0.1,3, 54.99*
RADEON 9200 ,0,3, 153.63*
MOBILITY RADEON 7500 , NA ,3, NA
Radeon IGP 320M , NA ,3, NA
RADEON 9000 Family , NA ,3, NA
VIA Chrome9 HC IGP Family WDDM , NA ,3, NA
Intel Media Accelerator 500 , NA ,3, NA
RIVA TNT2/TNT2 Pro , NA ,3, NA
Matrox Parhelia 128MB ,0,3, 393.99*
VIA Chrome9 HC IGP WDDM 1.1 , NA ,3, NA
GeForce4 420 Go , NA ,3, NA
VIA/S3G DeltaChrome IGP , NA ,3, NA
MOBILITY RADEON 9000 , NA ,3, NA
GeForce2 MX 100/200 , NA ,3, NA
Intel 946GZ Embedded Chipset , NA ,3, NA
RADEON 7500 ,0,3, 177.25*
S3 Inc. Savage4 , NA ,3, NA
AMIGAMERLIN 3.1-R1 For Voodoo 4 4500 PCI , NA ,3, NA
Rage Fury Pro/Xpert 2000 Pro , NA ,3, NA
Intel 82915G/GV/910GL Express , NA ,3, NA
Vanta/Vanta LT , NA ,3, NA
MOBILITY RADEON 9200 , NA ,3, NA
GeForce 9300M GS ,-19%,2.7, 118/43.42*
GeForce 9400 GT ,-18%,2.6, 168/64.78*
GeForce 7300 LE ,-17%,2.6, 81/32.00*
Quadro FX 380 ,-16%,240%, 173/72.50*
RADEON HD 6350 ,-16%,2.4, 140/59.00*
GeForce 210 ,-16%,2.3, 125/54.15*
Radeon HD 6450 ,-15%,2.2, 197/89.00*
GeForce 6600 GT ,-15%,2.2, 142/64.95*
GeForce 9300 ,-15%,2.2, 126/59.00*
Radeon HD 3450 ,-14%,2.1, 184/89.00*
FirePro 3D V3700 ,-14%,2.1, 178/84.99*
Radeon HD 5450 ,-14%,2.1, 136/64.97
GeForce 9500 GT ,-14%,2, 172/85.99*
FirePro 2460 ,-14%,2, 170/83.99*
Mobility Radeon HD 4570 ,-13%,200%, 149/75.90*
MOBILITY RADEON 9100 IGP , NA ,2, NA
Intel Media Accelerator 3150 , NA ,2, NA
Intel 82845G/GL/GE/PE/GV Controller , NA ,2, NA
RADEON 7200 ,0,2, 599.99*
RADEON 9200 PRO Family , NA ,2, NA
GeForce2 MX , NA ,2, NA
RADEON IGP 345M , NA ,2, NA
Radeon 7000 / Radeon VE , NA ,2, NA
VIA Chrome9 HC3 IGP , NA ,2, NA
Intel 82915G/GV/910GL Advanced v3.5 , NA ,2, NA
Intel 82845G/GL Controller , NA ,2, NA
RADEON 9200 LE Family , NA ,2, NA
RADEON 9250 ,0,2, 194.00*
GeForce2 MX with TV Out , NA ,2, NA
RADEON 9200 SE , NA ,2, NA
GeForce3 Ti 500 , NA ,2, NA
Intel GMA 3150 Express , NA ,2, NA
Radeon IGP 340M , NA ,2, NA
Quadro NVS 280 SD , NA ,2, NA
VIA Chrome9 HC IGP WDDM , NA ,2, NA
Dell 8100 ,0,2, 999.11*
VIA Chrome9 HC IGP Prerelease WDDM 1.1 , NA ,2, NA
Intel 82845G Controller , NA ,2, NA
Radeon VE , NA ,2, NA
Intel 946GZ Express , NA ,2, NA
GeForce 9600M GT ,-13%,1.9, 149/78.20*
Mobility Radeon HD 3650 ,-13%,1.9, 141/73.53*
NVS 300 ,-13%,1.9, 121/62.97*
GeForce 8400 GS ,-12%,180%, 156/85.97*
Quadro NVS 295 ,-12%,1.8, 111/63.00*
Radeon R5 220 ,-12%,1.7, 147/85.26*
GeForce 9300 GS ,-11%,1.7, 102/59.95*
Radeon HD 8350 ,-11%,1.6, 162/99.81*
GeForce 7600 GS ,-9%,1.4, 158/116.04*
Radeon HD 2400 ,-9%,1.4, 120/88.20*
Quadro FX 580 ,-9%,1.3, 173/130.00*
GeForce 310 ,-9%,1.3, 142/108.35*
FireMV 2260 ,-9%,1.3, 117/88.08*
GeForce 8400M GS ,-9%,1.3, 100/78.20*
Quadro FX 540 ,-9%,1.3, 80/59.99*
Quadro FX 3450 ,-8%,1.2, 148/119.99*
GeForce 505 ,-8%,1.2, 143/115.06*
GeForce 9650M GT ,-8%,1.2, 137/117.30*
EAH5450 ,-8%,1.2, 134/109.99*
Radeon HD 2600 PRO ,-7%,1.1, 211/188.44*
FireGL V3600 ,-7%,1.1, 179/160.99*
FirePro 2270 ,-7%,1.1, 142/134.00*
Radeon HD 3470 ,-7%,1.1, 117/109.65*
FireMV 2200 PCI ,0%,1, NA
GeForce G210 ,-7%,1, 124/122.12*
GeForce 8600M GT ,-7%,1, 112/108.10*
GeForce 9500M ,-7%,1, 103/101.20*
GeForce 9300GE ,-7%,1, 97/97.20*
Intel Extreme Controller , NA ,1, NA
S3 SuperSavage/IXC 1014 , NA ,1, NA
VisionTek Radeon 7000 , NA ,1, NA
Mobile Intel 915GM/GMS/910GML Express , NA ,1, NA
Mobile Intel 945 Express , NA ,1, NA
VIA Chrome9 HCM IGP , NA ,1, NA
RADEON IGP 34xM , NA ,1, NA
S3 ProSavageDDR , NA ,1, NA
Rage 128 Pro , NA ,1, NA
VIA Chrome9 HC3 IGP WDDM 1.1 , NA ,1, NA
Intel 82852/82855 GM/GME Controller , NA ,1, NA
RAGE 128 PRO AGP 4X TMDS , NA ,1, NA
Quadro2 Pro , NA ,1, NA
FireMV 2200 PCI , NA ,1, NA
FireGL V5200 ,-6%,90%, 114/133.40*
FireGL V7350 ,-6%,0.9, 110/119.42*
RADEON X600 SE ,-6%,0.9, 49/56.18*
RADEON 9500 ,-6%,0.9, 36/40.50*
Radeon HD 3650 AGP ,-5%,0.8, 150/185.00*
GeForce 7300 GT ,-5%,0.8, 125/149.99*
Quadro NVS 420 ,-5%,0.8, 120/150.00*
Quadro FX 560 ,-5%,0.8, 113/150.25*
FireGL V5100 ,-5%,0.8, 92/114.96*
GeForce 6200 LE ,-5%,0.8, 32/41.24*
GeForce 8600 GTS ,-4%,0.7, 169/241.99*
Quadro 400 ,-4%,0.7, 148/211.00*
GeForce 8600 GT ,-4%,0.7, 131/196.00*
Quadro FX 370 ,-4%,0.7, 83/125.00*
Quadro NVS 285 128MB ,-4%,0.7, 38/55.00*
GeForce 6200 ,-4%,0.7, 37/53.17*
Quadro FX 1700 ,-4%,0.6, 207/350.14*
Radeon X1300 ,-4%,0.6, 58/95.78*
FirePro 2450 ,-3%,0.6, 51/89.99*
Radeon HD 6380G ,-3%,0.5, 200/399.99*
Quadro FX 1400 ,-3%,0.5, 124/245.01*
ION ,-3%,0.5, 108/229.99*
Radeon X1650 Pro ,-3%,0.5, 84/160.89*
Quadro FX 770M ,-2%,0.4, 220/527.00*
Quadro FX 1500 ,-2%,0.4, 169/465.25
Radeon 3100 ,-2%,0.4, 73/189.15*
Quadro FX 3000 ,-2%,0.4, 69/166.61*
RADEON X600 PRO ,-2%,0.4, 67/160.49*
Radeon X1550 ,-3%,0.4, 66/155.00*
FireMV 2250 ,-3%,0.4, 45/104.00*
FireMV 2200 PCIe ,-2%,0.4, 36/89.99*
Radeon HD 7340 ,-1%,0.3, 153/552.69*
Radeon HD 6320 ,-1%,30%, 147/554.99*
Radeon 3000 ,-2%,0.3, 98/319.00*
GeForce 6600 ,-2%,0.3, 86/264.00*
Radeon 2100 ,-2%,0.3, 59/190.99*
Quadro NVS 285 ,-1%,0.3, 43/169.86*
GeForce 6800 ,-1%,0.2, 112/559.29*
FireGL V7100 ,-1%,0.2, 71/328.67*
Quadro FX 550 ,-1%,0.2, 63/287.82*
RADEON 9800 ,-1%,0.2, 57/325.00*
Quadro NVS 440 ,-1%,0.2, 37/228.87*
Quadro FX 1100 ,-1%,0.2, 35/212.99*
GeForce FX 5200LE ,-1%,0.2, 7/42.99*
